Cailin;Holt;(588) 949-0420;Bestaand
Rowan;Hill;(429) 589-0788;Bestaand
Jenette;Strickland;(864) 881-3539;Bestaand
Beck;Mays;(980) 328-0058;Geselecteerd
Hanae;Garner;(220) 101-5542;Geselecteerd
Alma;Carter;(590) 498-5755;Geselecteerd
Gisela;Mcintosh;(502) 732-1383;Geselecteerd
Uriel;Murphy;(135) 442-8103;Geselecteerd
Noelani;Bernard;(540) 562-0397;Geselecteerd
Karen;Hutchinson;(228) 577-2526;Bestaand
Price;Humphrey;(895) 238-2526;Bestaand
Chloe;Santos;(940) 271-2075;Bestaand
Brielle;Eaton;(751) 826-6446;Bestaand
Ivory;Medina;(681) 225-1301;Bestaand
Jarrod;Grant;(231) 291-3633;Bestaand
Suki;Dale;(515) 505-6688;Bestaand
Quinn;Barber;(482) 141-7940;Bestaand
Jasper;Barrera;(389) 636-7195;Bestaand
Heather;Owens;(299) 468-5130;Bestaand
Nadine;Newman;(238) 326-5317;Bestaand
Madonna;Wooten;(546) 568-0534;Bestaand
Brendan;Kline;(262) 701-4275;Bestaand
Pearl;Jimenez;(882) 936-5911;Bestaand
Katelyn;Lamb;(235) 967-0529;Bestaand
Jillian;Trujillo;(910) 834-2881;Bestaand
Avram;Jordan;(732) 472-0915;Geselecteerd
Shannon;Bartlett;(403) 346-6475;Bestaand
Idola;Key;(410) 692-1240;Bestaand
Tiger;Benjamin;(225) 724-6667;Bestaand
Risa;Mcdaniel;(324) 862-5958;Bestaand
Daquan;Baldwin;(389) 722-3676;Geselecteerd
Hadassah;Oneil;(597) 754-3053;Bestaand
Mechelle;Hoover;(981) 430-5689;Geselecteerd
Inga;Richardson;(638) 322-7596;Bestaand
Macey;Strickland;(669) 324-7555;Bestaand
Cameron;Chaney;(520) 219-4873;Bestaand
Christen;Good;(223) 461-1300;Bestaand
Logan;Sloan;(481) 634-0694;Bestaand
Pearl;Noel;(556) 157-7945;Bestaand
Carol;Vaughn;(282) 807-7599;Bestaand
Griffith;Ball;(954) 198-1894;Bestaand
Patricia;Huff;(712) 735-8837;Bestaand
Ryan;Gill;(257) 566-8433;Bestaand
Cassidy;Doyle;(623) 647-9103;Bestaand
Remedios;Blankenship;(455) 896-5041;Bestaand
Wyoming;Hines;(652) 501-2280;Bestaand
Sophia;Matthews;(169) 496-9040;Bestaand
Sierra;Roach;(225) 281-4827;Bestaand
Abra;Vazquez;(806) 909-4189;Bestaand
Derek;Miller;(300) 648-6376;Bestaand
Donovan;Griffin;(872) 496-7100;Bestaand
Alexander;Macdonald;(928) 883-7701;Bestaand
Brynne;Mcintosh;(674) 802-7173;Bestaand
Jesse;Campbell;(930) 935-3462;Bestaand
Perry;Kidd;(941) 599-2349;Bestaand
Lionel;Huffman;(517) 350-3783;Bestaand
Veda;Jacobs;(174) 994-4977;Bestaand
Phoebe;Ingram;(993) 907-1923;Bestaand
Xanthus;Montgomery;(109) 780-9316;Bestaand
Ignatius;Britt;(426) 531-0530;Bestaand
Merrill;Mccall;(520) 776-2707;Bestaand
Avye;Romero;(654) 457-6747;Bestaand
Glenna;Oconnor;(781) 534-1668;Bestaand
Giacomo;Woodard;(490) 728-6124;Bestaand
Naida;Kim;(146) 663-2563;Bestaand
Arden;Bentley;(811) 203-1700;Bestaand
Brett;Owen;(913) 498-4828;Bestaand
Elton;Hammond;(972) 836-8519;Bestaand
Colorado;Martin;(968) 563-6824;Bestaand
Victoria;Porter;(553) 200-9870;Bestaand
Jelani;Nichols;(863) 330-5154;Bestaand
Faith;Shelton;(501) 301-7997;Bestaand
Kaden;Webster;(224) 377-0889;Bestaand
Dominique;Hudson;(252) 726-1991;Bestaand
Fatima;Massey;(988) 565-6269;Bestaand
Keely;Torres;(443) 722-4463;Bestaand
Ivory;Martinez;(572) 423-2827;Bestaand
Hermione;Bernard;(312) 886-3215;Bestaand
Nash;Dickerson;(184) 480-8515;Bestaand
Perry;Fowler;(140) 333-0585;Bestaand
Tiger;Hale;(863) 653-7061;Bestaand
Derek;Baxter;(102) 307-7824;Bestaand
Chancellor;Rhodes;(147) 637-2665;Bestaand
Nathaniel;Cole;(253) 353-6619;Bestaand
Quail;Knapp;(488) 102-4479;Bestaand
Hakeem;Higgins;(142) 811-6452;Bestaand
Kyla;Castillo;(155) 578-0501;Bestaand
Gemma;Ford;(262) 535-8678;Bestaand
Yetta;Lloyd;(935) 303-4688;Bestaand
Gillian;Ferguson;(158) 440-5342;Bestaand
Gary;Booth;(533) 852-3749;Bestaand
Iliana;Fuller;(472) 811-4456;Bestaand
Dora;Sexton;(887) 903-9714;Bestaand
Fritz;Booth;(231) 149-5189;Bestaand
Nell;Yates;(376) 684-8528;Bestaand
Lucas;Duffy;(932) 649-1435;Bestaand
Dana;Sandoval;(129) 993-3340;Bestaand
Anjolie;Weiss;(984) 223-1092;Bestaand
Courtney;Harper;(106) 139-3951;Bestaand
Brooke;Valentine;(158) 186-9227;Bestaand
Aquila;Goodman;(525) 969-9864;Bestaand
Tatiana;Gonzales;(457) 292-6539;Bestaand
Bo;Matthews;(378) 786-7463;Bestaand
Gannon;Leach;(844) 213-9956;Bestaand
Inez;Dunlap;(792) 919-8132;Bestaand
Lenore;Mack;(886) 643-4351;Bestaand
Meredith;Emerson;(163) 686-1930;Bestaand
Pandora;Norris;(420) 662-5562;Bestaand
Meredith;Nieves;(774) 985-0332;Bestaand
Cruz;Rose;(294) 940-4941;Bestaand
Yael;Jacobs;(677) 794-7290;Bestaand
Cameron;Langley;(690) 830-3607;Bestaand
Tallulah;Vang;(115) 378-7236;Bestaand
Cleo;Pearson;(605) 922-6313;Bestaand
Kirk;Nguyen;(819) 650-7484;Bestaand
Candice;Patel;(337) 598-1861;Bestaand
Lee;Mcmillan;(710) 539-3742;Bestaand
Rama;Cochran;(869) 750-8607;Bestaand
Rowan;Ashley;(815) 380-9365;Bestaand
Adena;Reeves;(469) 303-4236;Bestaand
Driscoll;Ferrell;(575) 972-0783;Bestaand
Hadley;Parks;(187) 982-3826;Bestaand
Randall;Leblanc;(407) 229-9097;Bestaand
Alika;Sears;(862) 107-6104;Bestaand
Darryl;Rodriquez;(238) 283-0868;Bestaand
Herrod;Warren;(121) 735-2639;Bestaand
Lila;Sparks;(456) 364-7926;Bestaand
Risa;Gilliam;(774) 624-7546;Bestaand
Chaney;Burnett;(713) 462-8544;Bestaand
Hop;Mcgee;(565) 712-5734;Bestaand
Rachel;Flowers;(313) 684-7532;Bestaand
Wyoming;Monroe;(964) 536-6647;Bestaand
Ciaran;Browning;(160) 869-2767;Bestaand
Sonia;Vance;(566) 279-2009;Bestaand
Malachi;Padilla;(355) 865-1641;Bestaand
Adele;Wiley;(295) 256-0790;Bestaand
Emmanuel;Hood;(654) 423-9029;Bestaand
Mohammad;Sheppard;(309) 891-9543;Bestaand
Tiger;Crawford;(798) 304-3342;Bestaand
Drake;Craft;(331) 139-8371;Bestaand
Chanda;Finley;(816) 391-3683;Bestaand
Lysandra;Bowman;(601) 722-1625;Bestaand
Callie;Gray;(562) 891-5805;Bestaand
Cora;Delgado;(201) 618-5514;Bestaand
Hasad;Salas;(419) 900-1579;Bestaand
Lysandra;Arnold;(337) 528-0683;Bestaand
Jescie;Kane;(498) 676-3363;Bestaand
Ima;Joyce;(543) 936-3317;Bestaand
Cheyenne;Hayden;(279) 100-8713;Bestaand
Tamekah;Mcneil;(944) 628-4738;Bestaand
Wing;Little;(758) 795-5953;Bestaand
Vielka;Maldonado;(372) 280-3480;Bestaand
Raymond;Buck;(188) 907-2033;Bestaand
Basia;Mcguire;(861) 103-4148;Bestaand
Melanie;Short;(991) 627-5207;Bestaand
Nicholas;Frank;(825) 373-6244;Bestaand
Xander;Fitzpatrick;(239) 726-9782;Bestaand
Amanda;Oneill;(904) 128-1834;Bestaand
Lacy;Powers;(637) 484-5947;Bestaand
Laurel;Gillespie;(324) 308-0614;Bestaand
Macaulay;Lowe;(400) 951-1861;Bestaand
Gisela;Cole;(704) 770-0354;Bestaand
Kerry;Mcintosh;(737) 647-1899;Bestaand
Belle;Hansen;(445) 890-2883;Bestaand
Jada;Graham;(847) 297-1766;Bestaand
Joy;James;(649) 561-3250;Bestaand
Cameron;Estrada;(909) 342-6776;Bestaand
Brianna;Whitaker;(165) 977-9917;Bestaand
Dorian;Fitzpatrick;(945) 198-5372;Bestaand
Coby;Boone;(843) 262-1079;Bestaand
Brennan;Mcgowan;(427) 224-9780;Bestaand
Marvin;Burgess;(736) 141-0255;Bestaand
Ivory;Allison;(295) 257-9274;Bestaand
Robert;Chavez;(994) 458-1346;Bestaand
Aileen;Sparks;(142) 478-8291;Bestaand
Ebony;Conrad;(268) 921-9158;Bestaand
Cassidy;Boyd;(244) 334-3697;Bestaand
Sydnee;Reeves;(686) 688-5324;Bestaand
Kathleen;Francis;(592) 197-7306;Bestaand
Iliana;Burnett;(437) 517-6912;Bestaand
Anne;Dawson;(209) 901-1088;Bestaand
Kenneth;Warren;(668) 182-0513;Bestaand
Stephanie;Stafford;(149) 446-5596;Bestaand
Fiona;Suarez;(908) 504-6909;Bestaand
Logan;Frank;(350) 450-6687;Bestaand
Rama;Finley;(885) 982-3823;Bestaand
Shannon;Carlson;(147) 513-8170;Bestaand
Sage;Hull;(108) 755-2654;Bestaand
Caesar;Hernandez;(345) 887-0269;Bestaand
Hilda;Warren;(947) 840-0972;Bestaand
Latifah;Quinn;(885) 572-6385;Bestaand
Zoe;Schwartz;(987) 342-1740;Bestaand
MacKensie;Marshall;(810) 910-9000;Bestaand
Jaime;Ferguson;(593) 500-4689;Bestaand
Nicholas;Cooley;(712) 736-2782;Bestaand
Evelyn;Williamson;(850) 931-2384;Bestaand
Lael;Wheeler;(837) 731-8649;Bestaand
Felicia;Beach;(700) 838-8250;Bestaand
Justina;Patterson;(277) 245-7203;Bestaand
Solomon;Decker;(254) 447-8783;Bestaand
Onbekend;Onbekend;Onbekend;Bestaand
Robert;Roos;99569084;Bestaand
Rienk;Kraak;06-33333333;Geselecteerd
